id,conf,lat,lon,intersection_id,corner,src_image,n_detections
dt_wsqqt2xd0,0.7999,25.0519215,121.530117,TPS_00665,SE,TPS_00665,1
dt_wsqqmgxb2,0.7982,25.0241889,121.5524307,TPS_00001,SW,TPS_00001,1
dt_wsqqn7cnu,0.7982,24.9827175,121.5652891,TPS_00033,SW,TPS_00033,1
dt_wsqquyuyr,0.7977,25.1309464,121.5046636,TPS_02087,SE,TPS_02087,1
dt_wsqqt3dm7,0.7974,25.0580049,121.5230267,TPS_00143,NE,TPS_00143,1
dt_wsqqt6t9m,0.7973,25.0627891,121.527562,TPS_00045,NW,TPS_00045,2
dt_wsqqtes01,0.7965,25.0680588,121.5363264,TPS_01221,SE,TPS_01221,1
dt_wsqqmrdbv,0.7964,25.0462466,121.5238086,TPS_00114,SE,TPS_00114,1
dt_wsqqks7db,0.7956,25.0287076,121.4916632,TPS_00349,NW,TPS_00349,1
dt_wsqqv4msg,0.7943,25.1059689,121.5165124,TPS_01084,SW,TPS_01084,2
dt_wsqqtuqce,0.7937,25.0724523,121.5511747,TPS_00057,NW,TPS_00057,1
dt_wsqqtdkwn,0.7921,25.0622462,121.5372235,TPS_00611,SW,TPS_00611,1
dt_wsqqt13zp,0.7899,25.0569144,121.5115056,TPS_01584,SW,TPS_01584,1
dt_wsqqmzc90,0.7873,25.0476333,121.5438365,TPS_02536,SW,TPS_02535,3
dt_wsqqqh0x7,0.7862,25.0281287,121.5535635,TPS_02187,NW,TPS_02187,1
dt_wsqqx2w40,0.7851,25.0519383,121.6159425,TPS_00862,SW,TPS_00862,1
dt_wsqqqjn71,0.7808,25.0328664,121.5613957,TPS_00043,SE,TPS_00043,1
dt_wsqqmy9md,0.7808,25.0415476,121.5435514,TPS_00105,SW,TPS_00105,1
dt_wsqqt7d1g,0.7804,25.068392,121.5226672,TPS_00044,SW,TPS_00044,1
dt_wsqqmrzkd,0.7795,25.048263,121.5298333,TPS_01507,NW,TPS_01507,2
dt_wsqqwjdtt,0.7765,25.079997,121.5564216,TPS_00171,NE,TPS_00171,1
dt_wsqqwsbpv,0.7751,25.076274,121.5749501,TPS_00995,SE,TPS_00995,1
dt_wsqqt7meq,0.7747,25.0672476,121.5276246,TPS_02258,NW,TPS_02258,1
dt_wsqqqh0w7,0.7746,25.0279533,121.5535917,TPS_02187,SW,TPS_02187,1
dt_wsqqmgw38,0.7733,25.0243811,121.5503325,TPS_00309,SE,TPS_00309,1
dt_wsqqtq7sg,0.7724,25.0840062,121.5247474,TPS_00343,SE,TPS_00343,2
dt_wsqqme4t1,0.7718,25.0222226,121.534245,TPS_00646,SW,TPS_00646,1
dt_wsqqx3nsu,0.771,25.0551668,121.6167838,TPS_00277,NE,TPS_00277,1
dt_wsqqmhz7m,0.7707,25.031558,121.5189903,TPS_01096,SW,TPS_01096,1
dt_wsqqmtjmc,0.7684,25.0333434,121.5380532,TPS_01361,SE,TPS_01361,1
dt_wsqqt3sjq,0.7682,25.0579698,121.525562,TPS_01574,SE,TPS_01574,1
dt_wsqqkvjrp,0.7656,25.0335868,121.5053402,TPS_00916,NE,TPS_00916,1
dt_wsqqwgewj,0.7654,25.069097,121.5907452,TPS_00167,NW,TPS_00167,1
dt_wsqqtb9d7,0.7649,25.0519806,121.5439508,TPS_00445,NE,TPS_00445,1
dt_wsqqq5847,0.763,25.0245061,121.5528873,TPS_00001,NE,TPS_00001,1
dt_wsqqktxbg,0.763,25.0352381,121.4976015,TPS_00350,SE,TPS_00350,1
dt_wsqqvc52h,0.7627,25.0982851,121.5464131,TPS_01192,SW,TPS_01192,2
dt_wsqqmnkc9,0.7622,25.0394832,121.5153755,TPS_02096,SW,TPS_02096,1
dt_wsqqw65x8,0.7611,25.061124,121.5685347,TPS_00448,SW,TPS_00448,1
dt_wsqqtynvw,0.7595,25.0827326,121.5512759,TPS_00539,NE,TPS_00539,1
dt_wsqqmzc2r,0.7593,25.0475139,121.5437722,TPS_02536,SW,TPS_02536,1
dt_wsqqmng60,0.7585,25.0423218,121.5132849,TPS_02246,NE,TPS_02246,1
dt_wsqqt4e9d,0.7559,25.0628564,121.5136871,TPS_00078,SE,TPS_00078,1
dt_wsqqt49ff,0.755,25.0630495,121.5113096,TPS_00711,NE,TPS_00711,1
dt_wsqqt2upb,0.755,25.0543164,121.5252877,TPS_01571,SW,TPS_01571,1
dt_wsqqw2nnu,0.7535,25.0500215,121.5721367,TPS_00329,NW,TPS_00329,2
dt_wsqqt5x5h,0.7525,25.0685791,121.5185742,TPS_01225,NW,TPS_01225,2
dt_wsqqtmekn,0.7522,25.0797387,121.5245167,TPS_01239,NE,TPS_01239,3
dt_wsqqmvhyn,0.7517,25.0334157,121.5485481,TPS_00005,NW,TPS_00005,1
dt_wsqqmefg4,0.7504,25.025998,121.5346335,TPS_00134,SW,TPS_00134,1
dt_wsqqqrkth,0.7478,25.0455753,121.5700723,TPS_00145,SW,TPS_00145,1
dt_wsqqmprs3,0.7469,25.0454789,121.5191378,TPS_01533,SW,TPS_01533,1
dt_wsqqkzq8g,0.7469,25.0448585,121.5068904,TPS_01677,NE,TPS_01677,1
dt_wsqqmvej9,0.7463,25.036047,121.5459508,TPS_01327,NW,TPS_01327,1
dt_wsqrj3m1v,0.7432,25.1439224,121.526879,TPS_01881,SE,TPS_01881,2
dt_wsqqkv1fv,0.7417,25.0328615,121.5004383,TPS_00928,SW,TPS_00928,2
dt_wsqqmfeg0,0.741,25.0191729,121.546932,TPS_00675,SE,TPS_00675,1
dt_wsqqwyrj0,0.7408,25.0840199,121.5953077,TPS_00267,SE,TPS_00267,2
dt_wsqqveu8y,0.7407,25.1135399,121.5372344,TPS_01088,NW,TPS_01088,1
dt_wsqqmvhuu,0.7403,25.0331922,121.548454,TPS_00005,SW,TPS_00005,1
dt_wsqqmv1qb,0.7403,25.0335222,121.5435047,TPS_00039,NW,TPS_00039,3
dt_wsqqw43hp,0.7401,25.0618864,121.5544298,TPS_00079,SW,TPS_00079,1
dt_wsqqv2tbf,0.7387,25.0956861,121.5277675,TPS_00016,SW,TPS_00016,1
dt_wsqqky6jd,0.7367,25.0402019,121.5006536,TPS_01711,NW,TPS_01711,1
dt_wsqqt7xcb,0.7361,25.0683906,121.5304452,TPS_00663,NW,TPS_00663,1
dt_wsqqjx5ee,0.7334,25.0000171,121.5357328,TPS_01915,SE,TPS_01915,1
dt_wsqqx0t38,0.7332,25.0518559,121.603893,TPS_01077,NW,TPS_01077,1
dt_wsqqjwpt5,0.7328,24.9947922,121.5412291,TPS_00375,SW,TPS_00375,1
dt_wsqqmyehv,0.731,25.0414346,121.5461174,TPS_00579,SW,TPS_00579,2
dt_wsqqmx9mz,0.731,25.0470802,121.5328112,TPS_00713,SW,TPS_00713,1
dt_wsqqmvgph,0.729,25.0376861,121.5460767,TPS_00125,SE,TPS_00125,1
dt_wsqqmtj0r,0.7289,25.0324115,121.5379639,TPS_02259,NE,TPS_02259,1
dt_wsqqtrd57,0.7287,25.0906135,121.5226925,TPS_02218,NE,TPS_02218,1
dt_wsqqmh6t2,0.7282,25.0291677,121.512248,TPS_00823,NE,TPS_00823,2
dt_wsqqv0rbx,0.7281,25.0942509,121.5197501,TPS_01978,NE,TPS_01978,1
dt_wsqqmnzrw,0.7274,25.0432781,121.5190283,TPS_00949,NE,TPS_00949,2
dt_wsqqvch4v,0.7261,25.0987747,121.547462,TPS_00425,NW,TPS_00425,1
dt_wsqqv1s6g,0.7259,25.101495,121.5147783,TPS_01123,SE,TPS_01123,1
dt_wsqqte98e,0.7255,25.0681812,121.5329585,TPS_02498,SE,TPS_02498,1
dt_wsqqqm57q,0.7219,25.0329272,121.5684509,TPS_00133,NE,TPS_00133,1
dt_wsqqmnm4d,0.718,25.0396669,121.5157571,TPS_02096,NE,TPS_02096,1
dt_wsqqmq1q6,0.7177,25.0389381,121.5215848,TPS_00287,NW,TPS_00287,1
dt_wsqqt6jek,0.7172,25.0604104,121.5275072,TPS_00709,NW,TPS_00709,1
dt_wsqqm6vym,0.7149,25.0210782,121.527915,TPS_00496,SE,TPS_00496,1
dt_wsqqundb8,0.7147,25.1285687,121.4686205,TPS_01308,NW,TPS_01308,1
dt_wsqqtfq82,0.7137,25.0612683,121.5506808,TPS_01146,NW,TPS_01146,1
dt_wsqqmp0jp,0.7102,25.0442061,121.5091299,TPS_00169,SE,TPS_00169,1
dt_wsqqmjmyx,0.7091,25.0348489,121.5170066,TPS_00067,SE,TPS_00067,1
dt_wsqqmehyq,0.7085,25.0224713,121.5375608,TPS_01219,SE,TPS_01219,1
dt_wsqqwyqwr,0.7072,25.0842579,121.5949531,TPS_00267,NW,TPS_00267,1
dt_wsqqtq7x4,0.7052,25.0843864,121.5246924,TPS_00343,NW,TPS_00343,1
dt_wsqqmnkbv,0.7049,25.0393706,121.5155611,TPS_02096,SW,TPS_02096,1
dt_wsqqw3s1w,0.7024,25.0573559,121.5694913,TPS_02467,NE,TPS_01180,2
dt_wsqqte98g,0.7014,25.0682003,121.5329582,TPS_02497,SW,TPS_02497,1
dt_wsqqkevpg,0.7004,25.0268283,121.493827,TPS_00920,SE,TPS_00920,1
dt_wsqqwcm0n,0.6991,25.0557337,121.5928347,TPS_01806,NW,TPS_01806,1
dt_wsqqt7xb3,0.6966,25.0681067,121.5304776,TPS_00663,SE,TPS_00663,2
dt_wsqqmr8r9,0.6958,25.0473786,121.520194,TPS_00037,NW,TPS_00037,1
dt_wsqqwemp4,0.6954,25.0678957,121.5816735,TPS_00800,SE,TPS_00800,1
dt_wsqqtc1bb,0.6939,25.0544872,121.5441678,TPS_00650,SE,TPS_00650,1
dt_wsqqv7vm2,0.6934,25.1142831,121.5269923,TPS_00123,SW,TPS_00123,1
dt_wsqqtg1vu,0.6919,25.0663298,121.5443287,TPS_01197,SE,TPS_01197,1
dt_wsqqqx65v,0.6914,25.0453766,121.5776711,TPS_00335,SW,TPS_00335,2
dt_wsqqqjyr7,0.6912,25.0377153,121.5614801,TPS_00004,NW,TPS_00004,1
dt_wsqqkvd3r,0.6907,25.0353488,121.5012216,TPS_00919,NE,TPS_00919,1
dt_wsqqmzcsj,0.6901,25.0481713,121.5440614,TPS_00629,SE,TPS_00629,1
dt_wsqqw7xzy,0.6898,25.0693925,121.5746487,TPS_00032,NW,TPS_00032,1
dt_wsqqmr8nr,0.6893,25.047166,121.5201148,TPS_00037,NW,TPS_00037,2
dt_wsqqw4mr4,0.6891,25.062401,121.5600561,TPS_01193,NW,TPS_02487,2
dt_wsqqx3wy1,0.6877,25.0581388,121.617009,TPS_00846,NE,TPS_00846,1
dt_wsqqwv5pm,0.6831,25.077559,121.5900596,TPS_00971,NE,TPS_00971,1
dt_wsqqmxukz,0.6808,25.0482936,121.5369395,TPS_00306,SE,TPS_00306,1
dt_wsqqthew8,0.6794,25.0747023,121.5136356,TPS_01480,NW,TPS_01480,1
dt_wsqqx6fmm,0.6742,25.0648552,121.6110068,TPS_00118,SE,TPS_00118,1
dt_wsqqmy19b,0.6726,25.0381588,121.5438337,TPS_00010,NE,TPS_00010,1
dt_wsqqthpq8,0.6718,25.0719561,121.5187834,TPS_00684,NE,TPS_00684,1
dt_wsqqmxk8b,0.6707,25.044872,121.5369647,TPS_00300,NE,TPS_00300,1
dt_wsqqmt1rb,0.6676,25.0337049,121.5324843,TPS_00075,NE,TPS_00075,1
dt_wsqqme4xu,0.667,25.0227191,121.5343879,TPS_00270,NW,TPS_00270,1
dt_wsqqmytke,0.6664,25.0413676,121.5491189,TPS_01209,NE,TPS_02507,4
dt_wsqqmx68m,0.6655,25.0447885,121.5344366,TPS_00328,SW,TPS_00328,1
dt_wsqqmnwzy,0.6647,25.0419368,121.5183298,TPS_00124,NW,TPS_00124,1
dt_wsqqw1qwm,0.6647,25.0567845,121.5618791,TPS_00481,NE,TPS_00481,1
dt_wsqqx6hu2,0.6644,25.0605847,121.6141908,TPS_00854,NW,TPS_00854,1
dt_wsqqte99u,0.6621,25.068358,121.5330033,TPS_02497,SW,TPS_02498,2
dt_wsqqw9u4j,0.6612,25.0587879,121.58044,TPS_00364,SE,TPS_00364,1
dt_wsqqmzc68,0.6608,25.0479175,121.5434691,TPS_02536,NW,TPS_02536,1
dt_wsqqmwj10,0.6606,25.0380247,121.5376685,TPS_01101,SW,TPS_01101,1
dt_wsqqw9jrm,0.6603,25.0555687,121.5821464,TPS_01837,SW,TPS_01837,1
dt_wsqqjtz7x,0.6602,24.9931241,121.5410332,TPS_00084,NW,TPS_00084,1
dt_wsqqt05k8,0.6593,25.0496123,121.5132832,TPS_00082,NW,TPS_00082,1
dt_wsqqtprn2,0.6587,25.0897561,121.5184032,TPS_00788,SE,TPS_00788,1
dt_wsqqw80zt,0.6579,25.0501188,121.5759612,TPS_00736,NW,TPS_00736,1
dt_wsqqks2vu,0.6574,25.0292452,121.4880219,TPS_02195,NW,TPS_02195,1
dt_wsqqnpqx2,0.6539,25.0020162,121.5616626,TPS_01304,NW,TPS_01304,1
dt_wsqqmxyn9,0.6535,25.0485724,121.5390526,TPS_01402,NW,TPS_01402,1
dt_wsqqmytn2,0.6528,25.0416803,121.5486152,TPS_01208,SW,TPS_02508,2
dt_wsqqkuywx,0.6525,25.0321093,121.5070672,TPS_01055,NE,TPS_01055,1
dt_wsqqqpmnt,0.6511,25.0458331,121.5598576,TPS_02395,NW,TPS_02395,1
dt_wsqqqq8s9,0.6509,25.0413731,121.5644906,TPS_00129,NE,TPS_00129,1
dt_wsqqwmkpq,0.6492,25.078942,121.569513,TPS_01273,NE,TPS_01273,1
dt_wsqqt21q9,0.6481,25.0499528,121.5215693,TPS_00331,NW,TPS_00331,1
dt_wsqqt0k84,0.6471,25.0502393,121.5150931,TPS_02280,SW,TPS_02280,1
dt_wsqqv33uy,0.6463,25.1004661,121.5224362,TPS_01985,SW,TPS_01985,1
dt_wsqqkyzd3,0.6441,25.0423556,121.5081562,TPS_02422,NE,TPS_02422,1
dt_wsqqm6xje,0.6438,25.0195836,121.5295307,TPS_00643,NE,TPS_00643,1
dt_wsqqtfbd6,0.6427,25.0643389,121.5425519,TPS_00422,NE,TPS_00422,1
dt_wsqqkv6m7,0.6426,25.0346458,121.5010546,TPS_02098,NW,TPS_02098,1
dt_wsqqkyzc4,0.6422,25.0421565,121.5085493,TPS_00280,NE,TPS_00280,1
dt_wsqqt5wfk,0.6419,25.0684708,121.5182371,TPS_01225,NW,TPS_01225,1
dt_wsqqmr37g,0.6417,25.0453675,121.5216466,TPS_00173,NE,TPS_00173,1
dt_wsqqx2v88,0.6409,25.0530758,121.6152405,TPS_00497,NW,TPS_00497,1
dt_wsqqvgh12,0.6406,25.1094994,121.5472507,TPS_02394,SE,TPS_02394,1
dt_wsqqtq7s3,0.6402,25.0838928,121.5246446,TPS_00343,SW,TPS_00343,1
dt_wsqqt17rr,0.6398,25.0569617,121.5135883,TPS_00712,SW,TPS_00712,2
dt_wsqqwm5xq,0.6379,25.0775706,121.5687867,TPS_00368,NE,TPS_00368,1
dt_wsqqmt5wp,0.6369,25.0333883,121.5358906,TPS_00305,SE,TPS_00305,1
dt_wsqqt2592,0.6361,25.0490522,121.5246134,TPS_01532,SE,TPS_01532,1
dt_wsqqmy37b,0.6335,25.0398816,121.5434732,TPS_00577,NW,TPS_00577,1
dt_wsqqtf3xq,0.6331,25.0624717,121.5440883,TPS_02438,SW,TPS_02438,1
dt_wsqqtrd1b,0.6293,25.0903289,121.5225245,TPS_02218,SE,TPS_02218,1
dt_wsqqw2588,0.6293,25.0489368,121.5685351,TPS_02464,SW,TPS_02464,1
dt_wsqqkuyu2,0.6284,25.031742,121.5071053,TPS_01055,SE,TPS_01055,1
dt_wsqqt88e8,0.6225,25.0521911,121.5314762,TPS_00715,NW,TPS_00715,2
dt_wsqqkv91u,0.6189,25.0354281,121.4993605,TPS_02424,NW,TPS_02424,1
dt_wsqqwc9cd,0.616,25.0573373,121.5882138,TPS_01841,SE,TPS_01841,1
dt_wsqqt3tvg,0.6157,25.0580832,121.5278371,TPS_01491,NE,TPS_01491,1
dt_wsqqkyhmr,0.6146,25.0387792,121.50395,TPS_02171,NE,TPS_02171,1
dt_wsqqmy9rh,0.6139,25.0418055,121.5436786,TPS_00105,NW,TPS_00105,1
dt_wsqqjwptb,0.6125,24.9949039,121.5410705,TPS_00375,SW,TPS_00375,1
dt_wsqqtpts8,0.6111,25.0908186,121.5163819,TPS_00154,SW,TPS_00154,1
dt_wsqqjz5c0,0.611,24.9995933,121.5469078,TPS_00230,NW,TPS_00230,1
dt_wsqqt0v76,0.6052,25.0535302,121.5161181,TPS_00486,SW,TPS_00486,1
dt_wsqquwz85,0.6032,25.1298666,121.4972844,TPS_01013,NE,TPS_01013,1
dt_wsqqwjd8h,0.6028,25.0790794,121.5563458,TPS_00869,SE,TPS_00869,1
dt_wsqqw2127,0.599,25.0488889,121.5656045,TPS_00009,NE,TPS_00009,1
dt_wsqqmx2n9,0.599,25.0458508,121.530836,TPS_00050,SE,TPS_00050,1
dt_wsqqmrzm9,0.5973,25.0484236,121.5297778,TPS_00325,NE,TPS_00325,1
dt_wsqqn5ews,0.5966,24.9813,121.5577344,TPS_02311,NW,TPS_02311,1
dt_wsqqt0un5,0.5962,25.0539813,121.5144388,TPS_00156,SW,TPS_00156,1
dt_wsqqqj6rg,0.5962,25.0350932,121.5559946,TPS_01362,SE,TPS_01362,1
dt_wsqqjwr7x,0.5952,24.9958912,121.5410317,TPS_00509,SW,TPS_00509,1
dt_wsqqmwcdq,0.5946,25.0423606,121.5330866,TPS_00458,NE,TPS_00458,1
dt_wsqquj9dd,0.5926,25.1234438,121.4669924,TPS_01764,NE,TPS_01764,1
dt_wsqqmj6xf,0.5903,25.0350914,121.5123251,TPS_00103,SW,TPS_00103,1
dt_wsqqq0knx,0.59,25.0073981,121.5585683,TPS_00327,NW,TPS_00327,1
dt_wsqqx9bs2,0.5897,25.0591818,121.6193763,TPS_00849,NW,TPS_00849,1
dt_wsqqgvxs4,0.5884,25.1237111,121.4642729,TPS_00489,SW,TPS_00489,1
dt_wsqqqw882,0.5867,25.0406717,121.57542,TPS_00654,SE,TPS_00654,1
dt_wsqqt644w,0.5862,25.0602805,121.5227995,TPS_00324,SW,TPS_00324,1
dt_wsqqmxs0z,0.585,25.046238,121.5365966,TPS_01386,NE,TPS_01386,1
dt_wsqqmc3pz,0.5831,25.0131131,121.5434641,TPS_02068,NE,TPS_02068,1
dt_wsqqmfzc2,0.5814,25.0202239,121.5523935,TPS_01457,SW,TPS_01457,1
dt_wsqqnmmhq,0.5799,24.9905489,121.5708803,TPS_01157,NE,TPS_02432,2
dt_wsqqkssvc,0.5798,25.0306096,121.4933854,TPS_00964,NW,TPS_00964,1
dt_wsqqwt7s3,0.5792,25.0783969,121.5795614,TPS_00498,SW,TPS_00498,1
dt_wsqqve86u,0.577,25.1125025,121.5313133,TPS_00514,NE,TPS_00514,1
dt_wsqqmvptq,0.5768,25.0332924,121.5523363,TPS_00038,NW,TPS_00038,1
dt_wsqqv1ddj,0.5762,25.1013755,121.5124677,TPS_00402,SE,TPS_00402,1
dt_wsqqtyqd1,0.5751,25.0835077,121.5507521,TPS_00891,SW,TPS_00891,1
dt_wsqqvbbd8,0.5675,25.0973421,121.542473,TPS_00456,NW,TPS_00456,2
dt_wsqqwbq6e,0.5651,25.0506388,121.5944296,TPS_00844,NE,TPS_00844,1
dt_wsqqunef9,0.5638,25.1289455,121.4700399,TPS_01866,NE,TPS_01866,1
dt_wsqqmr4xe,0.5633,25.0446551,121.5233568,TPS_00726,SE,TPS_00727,2
dt_wsqqw4pb5,0.5632,25.0598188,121.5635156,TPS_00701,SE,TPS_00701,1
dt_wsqqtfb9f,0.563,25.0642553,121.5425513,TPS_00422,SE,TPS_00422,1
dt_wsqqmq4sy,0.5608,25.0386888,121.5234724,TPS_00373,NE,TPS_00373,1
dt_wsqqmjd97,0.5603,25.0353332,121.5123695,TPS_00103,NW,TPS_00103,1
dt_wsqqw751m,0.5603,25.0655339,121.568068,TPS_02364,NE,TPS_02364,1
dt_wsqqwewgt,0.5553,25.0686781,121.5842317,TPS_00536,SW,TPS_00536,1
dt_wsqqkvvfk,0.5498,25.0368976,121.5058909,TPS_01106,SE,TPS_01106,1
dt_wsqqtbcd4,0.5485,25.0532964,121.5439218,TPS_00651,SW,TPS_00651,1
dt_wsqqtfckc,0.547,25.0647662,121.5435134,TPS_01434,SW,TPS_01434,1
dt_wsqqwbrr8,0.5453,25.0515133,121.5956803,TPS_00191,NE,TPS_00191,1
dt_wsqqqquxn,0.5439,25.043169,121.5701949,TPS_01543,SW,TPS_01543,1
dt_wsqqq52c3,0.5359,25.0229911,121.5538211,TPS_00641,SW,TPS_00641,1
dt_wsqqwe6bc,0.5353,25.0668234,121.5785478,TPS_00799,NE,TPS_00799,1
dt_wsqqtd89t,0.5351,25.0628326,121.5316938,TPS_00678,NW,TPS_00678,1
dt_wsqqv25ue,0.5299,25.0935731,121.5250915,TPS_02111,SE,TPS_02111,2
dt_wsqqmn1w2,0.5281,25.0389203,121.5108533,TPS_02214,SW,TPS_02214,1
dt_wsqqmhs95,0.5274,25.0297777,121.5151379,TPS_00490,SW,TPS_00490,1
dt_wsqqm5mfn,0.5274,25.0231043,121.5169702,TPS_01049,NE,TPS_01049,1
dt_wsqqtr3vh,0.5257,25.0895288,121.5223535,TPS_01314,SW,TPS_01314,1
dt_wsqqnmsdg,0.5235,24.9916292,121.5700661,TPS_00387,SE,TPS_00387,1
dt_wsqqmyv7v,0.5224,25.0426232,121.5491808,TPS_00061,NE,TPS_00061,1
dt_wsqqmgzpq,0.5204,25.0267361,121.5516238,TPS_00638,NW,TPS_00638,1
dt_wsqqsbr3n,0.5191,25.0503968,121.5080417,TPS_00991,SW,TPS_00991,1
dt_wsqqw9x8y,0.5183,25.0572016,121.5852927,TPS_01843,SW,TPS_01843,1
dt_wsqqw74zk,0.5182,25.0665813,121.5677004,TPS_02484,NE,TPS_02484,1
dt_wsqqnwbm5,0.5179,24.9988993,121.5752217,TPS_00407,NE,TPS_00407,1
dt_wsqqw2hkw,0.5156,25.0496276,121.569827,TPS_02492,SW,TPS_02492,1
dt_wsqqt0vkd,0.5153,25.0537328,121.5161129,TPS_00486,NW,TPS_00486,1
dt_wsqqt3jgd,0.5149,25.0549429,121.5277771,TPS_00699,NE,TPS_00699,1
dt_wsqqmrbsv,0.5146,25.048277,121.5206976,TPS_00147,NW,TPS_00147,1
dt_wsqqt0d6c,0.5146,25.0520568,121.5119292,TPS_01586,NE,TPS_01586,1
dt_wsqqmq5cy,0.5144,25.0381521,121.525193,TPS_00269,SW,TPS_00269,1
dt_wsqqt9sku,0.5129,25.0578848,121.5368021,TPS_00627,SE,TPS_00627,1
dt_wsqqtr37h,0.5122,25.0891741,121.5217003,TPS_00767,NE,TPS_00767,1
dt_wsqqwfhjq,0.5121,25.0607337,121.5914549,TPS_00856,NE,TPS_00856,1
dt_wsqqqxd5j,0.5116,25.0466163,121.5776929,TPS_00746,SW,TPS_00746,1
dt_wsqqtr328,0.5116,25.0887658,121.5215033,TPS_00767,SW,TPS_00767,1
dt_wsqqub0pd,0.5098,25.094086,121.4979314,TPS_01093,NE,TPS_01093,1
dt_wsqqt8dcn,0.5051,25.0517677,121.5348038,TPS_00716,SE,TPS_00716,1
dt_wsqqtq6wz,0.5044,25.0843495,121.5235283,TPS_00151,NW,TPS_00151,1
dt_wsqqqrgd2,0.5007,25.047854,121.5685319,TPS_01176,SW,TPS_01176,1
